{"n_factors": 50, "reg": 0.0, "n_iter": 10, "train_mse": 0.6463054636686799, "test_mse": 0.8883517250250862}